Model,Accuracy,Precision,Recall,F1-Score,ROC-AUC
Gradient Boosting,0.88,0.7884615384615384,0.7592592592592593,0.7735849056603774,0.9529426686960933
Random Forest,0.865,0.7755102040816326,0.7037037037037037,0.7378640776699029,0.9414637239979705
Logistic Regression,0.865,0.7872340425531915,0.6851851851851852,0.7326732673267327,0.9312531709791984
